check,status,finding
CALENDAR_COMPLETENESS,PASS,975 of 975 expected draw dates; no duplicates or off-schedule dates
UPLOADED_2024_2026_CROSSCHECK,PASS,235 of 235 uploaded draws matched canonical numbers exactly
V2_CALIBRATION_CLAIM,CORRECTED,CalibratedClassifierCV was imported but no calibration was applied; v3 uses cross-fitted Platt calibration
V2_NEXT_DATE,CORRECTED,Hard-coded date replaced by calendar-derived next Tuesday/Friday
V2_HOLDOUT_REFIT,CORRECTED,Added frozen and block-prequential expanding-history holdout evaluations
V2_ENSEMBLE_OPTIMIZER,CORRECTED,Previous weights remained at the initial equal allocation; v3 uses fold-consistent robust weighting and can revert to 100% uniform
SOURCE_STATUS,CORRECTED,Older rows no longer labeled cross-source unless independently checked
DRAW_PROBABILITY_EDGE,Uniform mode,"Acceptance requires frozen+prequential gains, three-period consistency, maxT correction and positive block-bootstrap CI"
VALUE_EDGE,PORTFOLIO_ONLY,Anti-crowd proxies may reduce prize sharing but do not increase draw probability
V2_DRAW_LEVEL_PERMUTATION,CORRECTED,Within-draw permutation cannot test features that are constant for every candidate number in a draw; v3.1 adds a separate weekday-number interaction audit.
EURO_WEEKDAY_EFFECT,REJECTED_AS_EDGE,Nested-development-selected model holdout improvement 0.000002890228; permutation p=0.594; bootstrap CI crosses zero.
GLOBAL_RANDOMNESS_CORRECTION,PASS,Minimum raw audit p=0.026987; Bonferroni across 8 families=0.215892.
DEPLOYMENT_GATE,CORRECTED,Uniform-mode pools now deploy exactly uniform probabilities; non-uniform scores remain research-only.
